"Feature","ERPNext","SuiteCRM (Java Forks)","Axelor","Dolibarr (Python Forks)"
"Multi-Tenancy Support","Native","Requires Customization","Native","Requires Customization"
"Different workflows per customer","Native","Requires Customization","Native","Requires Customization"
"Data separation per customer","Native","Requires Customization","Native","Requires Customization"
"Roles & permissions per customer","Native","Native","Native","Requires Customization"
"Send emails","Native","Native","Native","Native"
"Send SMS","Requires Integration","Requires Customization","Requires Integration","Requires Customization"
"Send WhatsApp messages","Requires Integration","Requires Customization","Requires Customization","Requires Customization"
"Real-time alerts","Native","Requires Customization","Native","Requires Customization"
"Automated workflows for collection","Native","Native","Native","Requires Customization"
"Customizable workflows per customer","Native","Native","Native","Requires Customization"
"Escalation workflows","Native","Native","Native","Requires Customization"
"Real-time payment tracking","Native","Requires Customization","Native","Requires Customization"
"Partial payment support","Native","Requires Customization","Native","Requires Customization"
"Generate payment links","Native","Requires Customization","Native","Requires Customization"
"Payment gateway integration","Native","Requires Customization","Native","Requires Customization"
"Invoice synchronization","Native","Requires Customization","Native","Requires Customization"
"Dynamic portal generation","Native","Requires Customization","Requires Customization","Requires Customization"
"Self-service portal","Native","Requires Customization","Requires Customization","Requires Customization"
"Dispute tracking","Native","Requires Customization","Native","Requires Customization"
"Automated dispute workflows","Native","Native","Native","Requires Customization"
"Manual dispute handling","Native","Native","Native","Requires Customization"
"Track dispute progress","Native","Native","Native","Requires Customization"
"Customizable reports","Native","Native","Native","Native"
"Dispute analytics","Native","Requires Customization","Native","Requires Customization"
"Agent performance tracking","Native","Requires Customization","Native","Requires Customization"
"Track escalated invoices","Requires Customization","Requires Customization","Native","Requires Customization"
"Compliance with legal processes","Requires Customization","Requires Customization","Native","Requires Customization"
"External legal team collaboration","Requires Customization","Requires Customization","Native","Requires Customization"
"API access for external systems","Native","Native","Native","Native"
"Payment gateway integration","Native","Requires Customization","Native","Requires Customization"
"Accounting software integration","Native","Requires Customization","Native","Requires Customization"
"Audit trails for all activities","Native","Native","Native","Native"
"Compliance with local regulations","Native","Requires Customization","Native","Requires Customization"
"Define custom collection strategies","Native","Native","Native","Requires Customization"
"Tailored communication plans","Native","Native","Native","Requires Customization"
